keyword	TC	Centrality	Burst	PY	BurstBegin	BurstEnd	Span	HalfLife2	Status	WaitingTime
Amid A, 2020, IEEE MICRO, V40, P10, DOI 10.1109/MM.2020.2996616	66.0	0.05729413744505411	18.1728	2020	2023	2026	4	3.5	1	3
Song C, 2016, P IEEE S SECUR PRIV, V0, P0	49.0	0.013254671049915115	22.1695	2016	2017	2020	4	2.5	1	1
Ferraiuolo A, 2018, PROCEEDINGS OF THE 2018 ACM SIGSAC CONFERENCE ON COMPUTER AND COMMUNICATIONS SECURITY (CCS18), V0, P1583, DOI 10.1145/3243734.3243743	13.0	0.0	6.9507	2018	2019	2020	2	1.5	1	1
Kim J, 2020, IEEE T VLSI SYST, V28, P2424, DOI 10.1109/TVLSI.2020.3015494	38.0	0.0	16.0478	2020	2024	2026	3	3.5	1	4
Jia HY, 2020, IEEE J SOLID-ST CIRC, V55, P2609, DOI 10.1109/JSSC.2020.2987714	126.0	0.11021191183444673	9.0922	2020	2024	2026	3	3.5	1	4
Flamand E, 2018, IEEE INT CONF ASAP, V0, P69	35.0	0.0024575236864615097	15.368	2018	2020	2021	2	2.5	1	2
Xu YZ, 2015, P IEEE S SECUR PRIV, V0, P640, DOI 10.1109/SP.2015.45	29.0	0.09193376528009435	13.4198	2015	2017	2020	4	3.5	1	2
Van Bulck J, 2018, PROCEEDINGS OF THE 27TH USENIX SECURITY SYMPOSIUM, V0, P991	76.0	0.12622603506113575	6.3342	2018	2019	2023	5	2.5	1	1
Hills G, 2019, NATURE, V572, P595, DOI 10.1038/s41586-019-1493-8	364.0	0.03838741261229989	19.0615	2019	2020	2021	2	2.5	1	1
Zimmer B, 2016, IEEE J SOLID-ST CIRC, V51, P930, DOI 10.1109/JSSC.2016.2519386	17.0	7.866273352999017E-4	10.1045	2016	2016	2018	3	1.5	1	0
Lee Y, 2014, PROC EUR SOLID-STATE, V0, P199, DOI 10.1109/ESSCIRC.2014.6942056	10.0	0.0	5.8567	2014	2015	2018	4	3.5	1	1
Krizhevsky A, 2017, COMMUN ACM, V0, PP10971105, DOI 10.1145/3065386]	33.0	0.0885198647223391	13.0741	2017	2021	2022	2	3.5	1	4
Paszke A, 2019, ADV NEUR IN, V32, P0	67.0	0.04823359592591532	26.2618	2019	2023	2024	2	4.5	1	4
Bachrach J, 2012, DES AUT CON, V0, P1212	4.0	0.0	2.6359	2012	2015	2016	2	3.5	1	3
Liu LJ, 2020, SCIENCE, V368, P850, DOI 10.1126/science.aba5980	84.0	1.1799410029498524E-4	7.9762	2020	2022	2023	2	2.5	1	2
Wang WH, 2017, CCS17: PROCEEDINGS OF THE 2017 ACM SIGSAC CONFERENCE ON COMPUTER AND COMMUNICATIONS SECURITY, V0, P2421, DOI 10.1145/3133956.3134038	8.0	0.0026726599546074282	4.7061	2017	2018	2019	2	1.5	1	1
Lee S, 2017, PROCEEDINGS OF THE 26TH USENIX SECURITY SYMPOSIUM (USENIX SECURITY 17), V0, P557	11.0	0.02223691078765554	5.3927	2017	2018	2020	3	2.5	1	1
Costan Victor, 2016, Cryptology ePrint Archive, V0, P0, DOI DOI 10.1159/000088809	56.0	0.09643094742661498	16.8863	2016	2017	2021	5	3.5	1	1
Garofalo A, 2020, PHILOS T R SOC A, V378, P0, DOI 10.1098/rsta.2019.0155	29.0	0.017697888850696904	11.4691	2020	2021	2022	2	0.5	1	1
Zaruba F, 2019, IEEE T VLSI SYST, V27, P2629, DOI 10.1109/TVLSI.2019.2926114	54.0	0.005342153209383391	13.2805	2019	2022	2024	3	3.5	1	3
Shinde S, 2016, ASIA CCS16: PROCEEDINGS OF THE 11TH ACM ASIA CONFERENCE ON COMPUTER AND COMMUNICATIONS SECURITY, V0, P317, DOI 10.1145/2897845.2897885	13.0	0.02188959059813733	7.2589	2016	2017	2019	3	1.5	1	1
Baumann A, 2015, ACM T COMPUT SYST, V33, P0, DOI 10.1145/2799647	21.0	0.0535874263937846	9.6834	2015	2017	2020	4	3.5	1	2
Hu H, 2016, P IEEE S SECUR PRIV, V0, P969, DOI 10.1109/SP.2016.62	19.0	0.06433694098668581	9.3478	2016	2018	2020	3	2.5	1	2
Wang XY, 2020, IEEE INTERNET THINGS, V7, P4403, DOI 10.1109/JIOT.2020.2976702	68.0	4.916420845624386E-4	16.9977	2020	2021	2023	3	1.5	1	1
Kocher P, 2019, P IEEE S SECUR PRIV, V0, P1, DOI 10.1109/SP.2019.00002	150.0	0.0696458564090635	9.7853	2019	2023	2024	2	3.5	1	4
Costan V, 2016, PROCEEDINGS OF THE 25TH USENIX SECURITY SYMPOSIUM, V0, P857	104.0	0.0716750602009491	32.0287	2016	2017	2021	5	3.5	1	1
Schuster F, 2015, P IEEE S SECUR PRIV, V0, P38, DOI 10.1109/SP.2015.10	9.0	0.04094058131515218	5.0165	2015	2017	2019	3	3.5	1	2
Sebastian A, 2020, NAT NANOTECHNOL, V15, P529, DOI 10.1038/s41565-020-0655-z	37.0	0.09755883028373606	15.6186	2020	2024	2026	3	3.5	1	4
Lee Y, 2016, IEEE MICRO, V36, P8, DOI 10.1109/MM.2016.11	5.0	0.0	2.639	2016	2016	2019	4	2.5	1	0
Davidson S, 2018, IEEE MICRO, V38, P30, DOI 10.1109/MM.2018.022071133	13.0	0.0	6.9507	2018	2019	2020	2	1.5	1	1
Qiu CG, 2017, SCIENCE, V355, P271, DOI 10.1126/science.aaj1628	54.0	0.01746312624350879	16.1489	2017	2020	2022	3	3.5	1	3
Jouppi NP, 2017, 44TH ANNUAL INTERNATIONAL SYMPOSIUM ON COMPUTER ARCHITECTURE (ISCA 2017), V0, P1, DOI 10.1145/3079856.3080246	50.0	0.12413683059527342	17.1226	2017	2021	2022	2	4.5	1	4
Zimmer B, 2015, SYMP VLSI CIRCUITS, V0, P0, DOI 10.1109/VLSIC.2015.7231305	4.0	0.0	2.6359	2015	2015	2016	2	0.5	1	0
Sze V, 2017, P IEEE, V105, P2295, DOI 10.1109/JPROC.2017.2761740	31.0	0.007604291390118463	12.2709	2017	2021	2022	2	3.5	1	4
Tan YK, 2016, ACM SIGPLAN NOTICES, V51, P60, DOI 10.1145/3022670.2951924	10.0	0.0	6.2118	2016	2017	2018	2	1.5	1	1
Bishop MD, 2020, NAT ELECTRON, V3, P492, DOI 10.1038/s41928-020-0419-7	64.0	0.004208456093817216	8.3614	2020	2022	2026	5	2.5	1	2
Sandler M, 2018, PROC CVPR IEEE, V0, P4510, DOI 10.1109/CVPR.2018.00474	47.0	0.03821677344855775	11.6439	2018	2021	2023	3	3.5	1	3
Liu FF, 2015, P IEEE S SECUR PRIV, V0, P605, DOI 10.1109/SP.2015.43	18.0	0.026905379178132512	8.289	2015	2017	2020	4	4.5	1	2
